time_of_day,weather,speed_limit,past_incidents,risk_multiplier
evening,clear,50,3,1.789
night,foggy,80,3,2.5
morning,clear,60,1,1.712
evening,rainy,60,2,2.217
afternoon,foggy,60,2,2.095
evening,rainy,60,3,2.398
afternoon,foggy,60,0,1.957
afternoon,clear,60,2,1.859
afternoon,rainy,60,3,2.232
night,foggy,60,0,2.448
night,clear,80,2,2.484
morning,clear,80,0,1.674
evening,clear,30,1,1.608
evening,foggy,30,5,2.389
morning,foggy,80,4,2.5
afternoon,foggy,50,2,2.17
morning,foggy,30,3,2.048
night,clear,50,3,2.138
morning,rainy,60,2,2.197
night,clear,30,2,1.868
morning,clear,50,0,1.224
morning,clear,50,1,1.625
evening,rainy,30,1,1.715
evening,rainy,50,1,1.958
morning,foggy,30,2,1.924
afternoon,rainy,80,2,2.207
night,foggy,50,1,2.326
afternoon,rainy,50,2,2.13
evening,rainy,80,2,2.5
night,foggy,60,4,2.5
morning,clear,40,4,1.906
afternoon,clear,60,2,2.114
morning,foggy,50,5,2.369
morning,rainy,40,3,1.849
night,clear,80,1,2.437
night,clear,60,2,2.306
afternoon,rainy,80,3,2.5
morning,clear,60,2,1.927
morning,clear,60,4,1.998
morning,foggy,50,1,2.014
morning,clear,30,1,1.421
afternoon,foggy,40,2,1.979
evening,rainy,40,2,2.065
afternoon,foggy,40,5,2.448
morning,rainy,60,1,1.804
evening,rainy,50,2,2.34
afternoon,rainy,30,0,1.503
night,clear,30,3,2.059
afternoon,clear,60,2,1.729
afternoon,foggy,40,0,1.571
morning,rainy,30,1,1.588
night,rainy,30,3,2.283
evening,clear,80,1,2.277
morning,clear,60,0,1.539
morning,rainy,60,1,2.03
night,clear,80,3,2.5
evening,rainy,40,4,2.254
night,rainy,50,4,2.5
morning,rainy,50,1,1.868
morning,rainy,80,1,2.138
afternoon,foggy,30,2,1.895
night,rainy,80,4,2.5
evening,foggy,80,2,2.5
morning,rainy,60,3,2.026
night,clear,30,4,1.965
morning,foggy,60,3,2.259
morning,foggy,80,3,2.5
evening,rainy,60,5,2.5
morning,rainy,50,1,1.695
night,clear,30,3,1.809
night,rainy,50,1,2.081
afternoon,rainy,40,5,2.128
morning,foggy,60,2,2.167
evening,clear,60,4,2.308
evening,clear,80,5,2.462
morning,rainy,60,2,2.037
night,clear,30,1,1.923
night,clear,80,5,2.5
night,rainy,40,1,2.26
afternoon,foggy,30,2,1.805
evening,foggy,30,3,2.101
morning,clear,80,2,2.055
morning,rainy,30,2,1.806
night,foggy,40,3,2.5
morning,rainy,60,3,2.309
evening,foggy,60,4,2.5
afternoon,clear,30,5,1.799
night,clear,40,2,2.05
evening,foggy,50,3,2.249
night,clear,50,4,2.346
morning,clear,40,1,1.327
afternoon,clear,40,1,1.501
morning,foggy,30,2,1.818
evening,foggy,40,3,2.224
evening,foggy,50,3,2.492
evening,clear,80,1,1.904
morning,foggy,40,1,1.785
afternoon,foggy,30,1,1.539
evening,rainy,40,3,2.191
night,rainy,50,3,2.411
afternoon,clear,60,1,1.84
evening,rainy,30,4,2.115
afternoon,foggy,80,2,2.478
morning,foggy,30,2,1.526
evening,foggy,60,2,2.5
afternoon,rainy,80,1,2.056
evening,clear,30,3,1.808
afternoon,rainy,80,2,2.33
evening,clear,60,1,1.851
afternoon,foggy,80,1,2.409
afternoon,rainy,60,2,2.287
night,foggy,80,2,2.5
morning,clear,30,2,1.474
afternoon,rainy,50,2,1.837
evening,foggy,80,5,2.5
night,rainy,40,4,2.459
night,clear,60,2,2.286
afternoon,foggy,50,2,1.998
morning,foggy,40,1,1.652
evening,rainy,80,1,2.339
morning,foggy,60,1,2.0
morning,rainy,50,4,2.27
morning,rainy,60,0,2.114
morning,foggy,30,2,1.852
afternoon,clear,50,3,1.967
morning,foggy,50,1,1.858
night,clear,60,3,2.208
night,clear,30,3,2.002
evening,clear,80,3,2.5
morning,rainy,50,0,1.683
afternoon,foggy,40,2,1.852
morning,clear,50,1,1.61
afternoon,rainy,60,5,2.333
evening,clear,30,2,1.588
evening,rainy,50,3,2.405
morning,rainy,40,0,1.519
evening,clear,80,0,2.083
night,rainy,40,4,2.295
evening,clear,80,2,2.271
afternoon,clear,40,3,1.71
afternoon,foggy,30,2,1.788
evening,rainy,60,0,2.018
morning,clear,40,1,1.307
morning,clear,30,2,1.505
afternoon,clear,50,5,2.024
night,rainy,40,3,2.401
morning,foggy,40,0,1.697
night,clear,50,2,2.211
evening,rainy,80,1,2.277
night,foggy,30,2,2.215
afternoon,rainy,80,1,2.415
night,rainy,30,3,2.13
afternoon,rainy,40,0,1.769
morning,clear,30,2,1.391
afternoon,foggy,80,7,2.5
night,foggy,30,1,2.112
afternoon,foggy,80,2,2.5
evening,rainy,60,3,2.324
evening,foggy,60,0,2.182
night,rainy,60,4,2.5
morning,clear,40,4,1.726
night,foggy,50,3,2.421
morning,clear,60,3,1.823
evening,clear,40,1,1.749
morning,clear,80,3,2.248
afternoon,foggy,80,2,2.429
night,clear,80,1,2.337
morning,clear,40,2,1.52
evening,foggy,30,3,1.917
morning,foggy,50,1,2.257
evening,clear,30,4,1.79
afternoon,rainy,30,3,1.847
night,foggy,50,2,2.5
morning,clear,30,0,1.144
morning,rainy,80,5,2.5
night,clear,50,6,2.496
evening,clear,50,3,1.936
evening,foggy,40,3,2.284
night,clear,50,3,2.34
afternoon,foggy,40,3,2.091
morning,clear,60,1,1.785
afternoon,clear,40,0,1.518
afternoon,rainy,80,3,2.5
evening,rainy,40,1,1.874
night,clear,50,1,2.055
night,rainy,60,3,2.5
night,clear,80,5,2.5
afternoon,clear,50,0,1.447
morning,rainy,60,2,2.094
evening,foggy,40,2,2.166
morning,rainy,50,1,1.697
morning,rainy,30,1,1.661
morning,clear,40,2,1.525
evening,rainy,50,3,1.998
afternoon,foggy,30,2,2.09
night,clear,40,2,1.968
morning,clear,30,1,1.332
afternoon,rainy,40,2,1.797
evening,clear,50,0,1.711
morning,foggy,30,4,2.088
evening,foggy,50,4,2.5
evening,rainy,60,1,2.18
morning,foggy,40,2,1.901
night,foggy,60,2,2.5
night,clear,50,1,1.94
evening,foggy,30,3,2.121
night,clear,60,4,2.369
afternoon,rainy,40,4,2.078
evening,clear,40,2,1.819
evening,rainy,60,2,2.286
afternoon,clear,30,2,1.277
afternoon,foggy,30,2,1.874
morning,clear,30,1,1.345
evening,rainy,50,2,2.188
night,rainy,30,1,2.15
night,rainy,60,2,2.5
night,clear,30,4,2.017
afternoon,clear,80,1,1.945
evening,foggy,80,3,2.5
morning,foggy,50,2,2.085
night,rainy,80,1,2.5
morning,clear,80,2,2.101
afternoon,clear,40,1,1.587
evening,clear,60,0,1.758
morning,rainy,60,2,2.223
afternoon,rainy,60,1,1.895
evening,clear,30,4,1.826
afternoon,rainy,50,5,2.386
afternoon,foggy,30,2,1.648
morning,clear,30,1,1.457
night,rainy,40,1,2.247
morning,foggy,80,3,2.5
afternoon,clear,60,1,1.745
evening,foggy,40,3,2.057
night,foggy,80,3,2.5
afternoon,rainy,80,4,2.5
night,rainy,60,4,2.5
evening,clear,40,2,1.821
afternoon,foggy,30,2,2.105
afternoon,clear,40,1,1.561
afternoon,clear,40,1,1.589
evening,rainy,30,0,1.746
night,rainy,30,1,2.05
morning,foggy,80,0,2.164
night,clear,50,2,2.236
afternoon,clear,40,2,1.451
afternoon,rainy,80,3,2.48
afternoon,foggy,80,0,2.197
night,clear,30,2,1.966
morning,clear,60,0,1.455
morning,foggy,80,2,2.375
afternoon,rainy,40,4,1.916
night,rainy,60,0,2.271
evening,clear,40,0,1.608
morning,foggy,60,4,2.251
morning,clear,30,1,1.318
afternoon,rainy,30,2,1.682
morning,clear,40,3,1.553
evening,rainy,60,2,2.429
night,rainy,60,1,2.5
afternoon,clear,50,3,1.898
evening,clear,50,1,1.738
afternoon,rainy,60,4,2.208
night,rainy,80,4,2.5
morning,rainy,60,0,1.866
night,clear,60,1,2.163
afternoon,clear,50,2,1.671
evening,rainy,80,2,2.494
morning,foggy,80,0,2.139
night,clear,60,2,2.18
night,clear,60,4,2.283
evening,rainy,80,2,2.5
afternoon,foggy,80,0,2.336
afternoon,foggy,80,1,2.27
afternoon,clear,80,1,1.988
morning,foggy,80,1,2.256
afternoon,rainy,60,3,2.311
afternoon,clear,40,5,1.952
morning,clear,40,4,1.675
morning,foggy,30,0,1.384
night,clear,50,0,1.887
night,clear,30,3,1.976
morning,clear,60,2,1.93
evening,foggy,60,2,2.294
afternoon,rainy,60,4,2.289
morning,rainy,40,1,1.708
evening,rainy,80,4,2.5
evening,clear,30,2,1.629
afternoon,rainy,60,1,2.031
night,clear,50,3,2.174
evening,rainy,80,5,2.5
evening,clear,60,0,1.68
afternoon,rainy,80,1,2.249
evening,clear,50,3,2.044
evening,clear,60,2,1.985
morning,clear,50,1,1.588
night,rainy,40,1,2.192
evening,rainy,30,2,2.045
afternoon,rainy,40,0,1.592
afternoon,clear,30,4,1.765
afternoon,foggy,80,2,2.489
afternoon,foggy,80,0,2.162
afternoon,clear,80,0,1.845
afternoon,foggy,80,3,2.5
afternoon,rainy,40,1,1.879
evening,rainy,80,3,2.458
evening,clear,60,0,1.722
evening,clear,50,3,2.068
morning,clear,60,1,1.795
afternoon,clear,30,2,1.588
evening,clear,80,3,2.309
morning,clear,80,4,2.303
afternoon,foggy,40,2,1.943
night,clear,60,0,1.91
night,rainy,60,1,2.253
morning,clear,60,1,1.516
evening,rainy,40,2,2.003
evening,rainy,50,3,2.251
night,rainy,30,2,2.016
morning,foggy,50,3,2.201
afternoon,clear,60,1,1.807
night,clear,80,2,2.5
afternoon,clear,30,2,1.39
afternoon,clear,40,0,1.398
night,foggy,80,3,2.5
evening,foggy,30,1,1.898
night,rainy,60,2,2.424
morning,rainy,60,1,2.011
morning,rainy,50,3,2.144
afternoon,foggy,50,1,2.041
night,rainy,60,4,2.5
afternoon,rainy,60,1,2.095
morning,foggy,50,2,1.985
morning,foggy,80,2,2.348
night,clear,60,3,2.347
afternoon,rainy,40,1,1.708
evening,clear,30,0,1.398
evening,clear,60,4,2.084
evening,rainy,60,2,2.21
afternoon,clear,60,1,1.859
morning,foggy,60,2,2.046
night,rainy,30,4,2.5
night,rainy,40,1,2.028
night,clear,50,2,2.14
evening,clear,50,4,2.118
afternoon,foggy,50,1,2.065
night,rainy,60,1,2.491
evening,clear,30,1,1.512
afternoon,foggy,30,4,2.139
night,foggy,60,0,2.307
afternoon,clear,80,0,1.73
afternoon,foggy,80,1,2.403
afternoon,clear,60,0,1.54
night,foggy,80,2,2.5
evening,rainy,40,2,2.014
morning,clear,30,5,1.598
evening,rainy,60,1,2.061
afternoon,clear,50,4,1.893
night,rainy,60,4,2.5
afternoon,rainy,30,0,1.561
morning,rainy,40,2,1.679
evening,rainy,50,2,1.881
morning,rainy,30,0,1.469
morning,clear,30,1,1.275
afternoon,rainy,30,1,1.561
evening,foggy,30,0,1.827
night,foggy,50,2,2.5
night,clear,80,2,2.379
afternoon,foggy,60,1,2.062
morning,foggy,30,2,1.815
afternoon,clear,60,1,1.912
morning,rainy,50,4,2.091
evening,clear,40,1,1.715
morning,rainy,80,0,1.993
night,rainy,40,0,1.85
morning,foggy,80,3,2.435
morning,foggy,30,0,1.705
night,foggy,80,1,2.5
afternoon,rainy,60,1,2.229
morning,foggy,50,2,1.902
night,clear,40,1,1.774
morning,rainy,60,1,1.917
evening,foggy,50,1,2.236
afternoon,rainy,30,0,1.712
morning,clear,40,1,1.525
night,rainy,50,2,2.341
evening,rainy,50,1,2.045
morning,rainy,60,5,2.355
evening,rainy,60,0,2.058
morning,rainy,80,3,2.44
night,clear,50,1,1.879
evening,foggy,60,2,2.435
evening,clear,40,4,2.166
morning,foggy,80,1,2.413
morning,rainy,50,0,1.906
afternoon,clear,60,0,1.816
afternoon,foggy,60,0,1.974
afternoon,rainy,30,2,1.947
night,rainy,40,3,2.394
evening,rainy,30,5,2.219
morning,foggy,30,0,1.498
evening,rainy,50,3,2.161
night,rainy,80,0,2.5
night,rainy,80,2,2.5
night,rainy,30,4,2.421
evening,clear,80,6,2.5
morning,rainy,60,1,1.881
night,clear,80,1,2.319
evening,foggy,40,0,2.066
night,rainy,60,1,2.36
night,foggy,60,2,2.5
afternoon,clear,80,2,2.03
morning,clear,50,2,1.691
afternoon,rainy,40,4,2.17
afternoon,clear,60,1,1.757
afternoon,rainy,40,3,1.793
morning,foggy,30,1,1.796
evening,rainy,30,2,1.797
night,foggy,30,1,2.052
night,rainy,50,4,2.5
afternoon,foggy,40,4,2.225
morning,clear,60,0,1.574
night,foggy,30,1,2.162
afternoon,clear,80,3,2.32
night,rainy,50,1,2.195
morning,foggy,40,2,2.065
night,rainy,30,2,2.167
night,rainy,50,2,2.324
night,rainy,30,2,1.926
morning,rainy,80,1,2.212
afternoon,clear,60,1,1.674
night,rainy,60,0,2.38
evening,clear,60,0,1.951
evening,foggy,30,2,1.945
morning,rainy,50,2,1.751
morning,clear,40,2,1.497
night,foggy,80,3,2.5
morning,clear,50,1,1.614
morning,clear,40,2,1.655
night,clear,80,3,2.5
afternoon,clear,30,1,1.434
afternoon,foggy,80,3,2.451
evening,foggy,50,4,2.457
afternoon,clear,40,0,1.382
night,clear,50,0,1.721
afternoon,foggy,80,6,2.5
evening,rainy,50,1,2.085
night,rainy,30,3,2.237
afternoon,rainy,30,1,1.568
morning,foggy,50,3,2.272
night,rainy,60,2,2.483
afternoon,clear,60,0,1.54
afternoon,clear,60,2,1.79
afternoon,foggy,50,1,1.882
morning,foggy,60,1,1.984
evening,rainy,50,2,1.983
evening,clear,50,0,1.52
morning,rainy,80,2,2.258
night,clear,40,3,2.119
morning,rainy,30,2,1.766
morning,clear,50,2,1.672
evening,foggy,40,4,2.337
night,clear,80,1,2.307
afternoon,clear,50,0,1.549
evening,foggy,80,1,2.5
night,rainy,60,1,2.434
evening,clear,60,1,1.945
morning,clear,30,0,1.201
afternoon,clear,30,2,1.397
evening,rainy,60,3,2.285
morning,clear,40,1,1.556
afternoon,clear,50,2,1.798
afternoon,clear,80,1,2.15
night,foggy,40,3,2.37
morning,clear,60,2,1.956
evening,clear,50,5,2.221
morning,foggy,40,4,1.99
night,clear,50,0,1.768
morning,foggy,80,3,2.5
afternoon,clear,50,1,1.725
afternoon,rainy,30,2,1.839
morning,clear,30,2,1.508
night,rainy,80,4,2.5
night,foggy,40,3,2.5
night,foggy,50,3,2.5
night,rainy,80,1,2.5
morning,rainy,30,3,1.733
morning,foggy,80,0,2.177
afternoon,foggy,60,3,2.377
morning,clear,40,2,1.636
afternoon,clear,40,2,1.771
afternoon,clear,30,2,1.439
afternoon,rainy,30,4,1.831
evening,rainy,60,1,2.194
night,foggy,60,0,2.5
afternoon,foggy,50,3,2.267
night,foggy,60,0,2.5
evening,rainy,50,2,2.042
afternoon,rainy,30,0,1.412
evening,clear,30,4,2.004
night,rainy,30,2,2.135
night,clear,50,1,2.02
night,clear,50,2,2.126
evening,foggy,30,1,1.957
night,rainy,50,4,2.5
evening,foggy,80,3,2.5
evening,rainy,50,2,2.08
night,clear,80,4,2.5
night,rainy,40,2,2.18
evening,rainy,50,1,2.18
afternoon,foggy,80,1,2.282
evening,rainy,40,2,1.93
morning,clear,30,1,1.364
night,foggy,50,1,2.356
night,foggy,40,2,2.368
evening,rainy,80,1,2.455
afternoon,rainy,30,2,1.703
morning,rainy,80,5,2.5
morning,foggy,80,2,2.124
evening,clear,40,2,1.728
afternoon,clear,30,3,1.712
afternoon,clear,40,2,1.803
afternoon,foggy,50,4,2.344
evening,rainy,40,1,1.957
evening,clear,30,2,1.557
morning,foggy,40,1,1.846
afternoon,clear,50,1,1.61
morning,foggy,30,3,1.895
afternoon,clear,60,4,2.021
evening,rainy,80,3,2.5
morning,rainy,30,3,1.772
morning,foggy,60,3,2.354
afternoon,foggy,60,3,2.185
evening,foggy,60,4,2.413
evening,rainy,30,2,1.734
afternoon,clear,80,3,2.382
evening,clear,50,1,1.82
morning,foggy,50,4,2.286
night,rainy,80,2,2.5
evening,rainy,60,4,2.382
evening,rainy,40,3,2.252
morning,clear,80,2,2.123
evening,foggy,40,4,2.346
night,clear,60,1,2.056
afternoon,rainy,80,2,2.36
afternoon,clear,50,3,1.814
afternoon,rainy,50,8,2.5
night,clear,80,0,2.132
night,foggy,50,2,2.416
afternoon,rainy,40,2,1.817
night,foggy,40,4,2.5
evening,clear,60,3,2.061
night,clear,50,2,2.078
afternoon,clear,50,4,2.052
evening,clear,60,4,2.25
night,clear,60,0,1.908
afternoon,foggy,30,2,1.902
evening,foggy,60,6,2.5
morning,rainy,40,3,1.839
night,foggy,50,3,2.5
morning,foggy,30,1,1.725
evening,clear,80,0,2.132
night,foggy,80,4,2.5
night,rainy,40,1,2.102
night,rainy,60,3,2.5
night,clear,60,2,2.162
morning,clear,40,1,1.558
evening,foggy,40,3,2.182
night,rainy,40,1,1.977
afternoon,foggy,30,3,2.028
morning,rainy,30,1,1.622
morning,foggy,40,4,2.122
night,rainy,50,3,2.5
morning,foggy,40,0,1.849
evening,foggy,30,5,2.41
afternoon,foggy,30,2,1.854
night,clear,50,1,1.935
morning,rainy,30,4,1.983
evening,foggy,80,2,2.5
afternoon,foggy,60,0,1.942
evening,rainy,40,0,1.688
night,clear,30,1,1.689
afternoon,rainy,50,0,1.696
afternoon,foggy,50,1,1.923
night,clear,80,1,2.5
evening,clear,40,2,1.63
morning,rainy,80,0,1.978
evening,clear,60,2,2.075
night,rainy,30,5,2.357
morning,rainy,30,2,1.495
morning,foggy,40,2,1.847
morning,clear,80,3,2.226
morning,foggy,30,1,1.6
afternoon,foggy,50,3,2.067
night,rainy,80,3,2.5
evening,rainy,50,1,2.144
night,foggy,60,1,2.413
night,rainy,60,1,2.245
night,foggy,80,2,2.5
afternoon,rainy,50,3,2.053
evening,foggy,60,3,2.5
night,foggy,30,5,2.429
morning,rainy,80,2,2.378
afternoon,clear,80,2,1.938
evening,foggy,60,1,2.267
night,foggy,40,2,2.428
evening,clear,80,0,2.029
evening,clear,80,3,2.286
evening,rainy,50,1,2.066
evening,clear,80,4,2.326
evening,rainy,60,0,1.91
morning,foggy,30,2,1.813
morning,foggy,30,0,1.614
afternoon,foggy,30,1,1.769
morning,rainy,30,3,1.823
morning,foggy,80,2,2.292
afternoon,clear,40,2,1.371
afternoon,foggy,40,3,2.004
night,foggy,50,1,2.443
night,foggy,40,4,2.5
morning,foggy,60,3,2.14
evening,rainy,60,1,2.12
morning,rainy,50,1,1.875
night,foggy,40,1,2.194
afternoon,rainy,40,0,1.621
afternoon,foggy,80,1,2.485
night,rainy,80,3,2.5
night,clear,80,3,2.5
afternoon,foggy,50,4,2.394
afternoon,clear,60,2,1.918
afternoon,foggy,30,3,1.821
evening,foggy,30,1,1.957
night,foggy,30,4,2.342
evening,foggy,80,2,2.5
night,rainy,40,2,2.228
afternoon,foggy,80,4,2.5
afternoon,clear,60,3,2.007
evening,foggy,60,3,2.433
night,clear,80,0,2.106
evening,rainy,40,5,2.406
night,foggy,80,3,2.5
night,rainy,40,0,1.951
night,rainy,80,2,2.5
morning,foggy,50,1,1.831
evening,foggy,30,1,1.947
afternoon,rainy,60,1,2.218
afternoon,clear,40,1,1.474
evening,clear,80,2,2.147
afternoon,foggy,60,3,2.298
evening,foggy,30,0,1.804
morning,foggy,40,1,1.733
night,clear,60,4,2.086
evening,rainy,50,1,1.939
night,clear,40,2,1.936
morning,rainy,40,2,1.857
evening,clear,40,1,1.601
night,clear,60,0,2.13
night,foggy,60,4,2.5
morning,rainy,40,0,1.638
morning,foggy,80,0,2.294
afternoon,clear,40,0,1.458
afternoon,rainy,60,5,2.441
morning,rainy,50,2,1.918
evening,rainy,60,2,2.314
evening,rainy,60,3,2.389
night,foggy,50,0,2.318
evening,foggy,30,1,1.912
evening,clear,40,2,1.862
evening,clear,60,1,1.83
night,foggy,60,3,2.5
morning,rainy,80,3,2.484
night,clear,60,5,2.5
night,clear,60,3,2.305
evening,clear,60,5,2.212
evening,rainy,40,1,2.117
afternoon,rainy,30,5,2.048
evening,foggy,80,5,2.5
morning,clear,80,3,2.168
morning,foggy,40,2,1.942
evening,clear,40,2,1.672
afternoon,rainy,50,3,1.997
night,clear,50,0,1.866
evening,foggy,80,2,2.5
morning,rainy,40,2,1.833
evening,clear,30,1,1.561
afternoon,rainy,60,4,2.268
evening,rainy,60,0,2.146
afternoon,clear,50,1,1.654
night,clear,30,2,1.707
afternoon,foggy,40,3,2.071
evening,clear,30,2,1.804
night,rainy,50,4,2.382
morning,rainy,50,2,1.976
morning,foggy,40,2,1.773
evening,foggy,50,4,2.303
night,clear,40,5,2.243
evening,foggy,60,1,2.219
afternoon,clear,80,2,2.098
evening,rainy,80,0,2.343
morning,foggy,50,0,1.776
evening,rainy,80,3,2.5
evening,clear,80,2,2.249
morning,clear,40,1,1.429
evening,rainy,30,0,1.713
night,clear,30,3,1.966
morning,foggy,30,1,1.663
afternoon,rainy,50,0,1.905
evening,foggy,30,1,2.039
morning,rainy,30,0,1.511
night,foggy,80,1,2.5
afternoon,rainy,40,4,1.98
evening,foggy,50,4,2.309
morning,foggy,50,3,2.085
evening,clear,50,1,1.95
afternoon,clear,80,1,2.128
morning,rainy,60,1,1.738
night,foggy,60,1,2.5
afternoon,clear,30,2,1.663
evening,foggy,50,2,2.122
morning,foggy,50,1,1.966
evening,foggy,50,3,2.401
evening,clear,40,1,1.848
morning,foggy,60,1,2.095
morning,rainy,40,2,2.071
afternoon,clear,50,2,1.651
afternoon,clear,60,3,1.954
morning,clear,60,0,1.439
morning,foggy,50,2,2.122
afternoon,foggy,30,1,1.668
morning,clear,80,2,1.943
evening,foggy,40,3,2.343
night,foggy,30,1,1.936
morning,foggy,50,6,2.357
morning,foggy,30,1,1.767
morning,clear,40,3,1.749
afternoon,rainy,60,2,2.189
evening,clear,40,5,2.189
evening,rainy,50,1,2.129
afternoon,clear,50,1,1.722
night,clear,60,3,2.315
evening,rainy,60,1,2.158
night,foggy,40,3,2.347
morning,foggy,50,3,2.097
evening,clear,50,1,1.878
afternoon,foggy,50,1,1.977
night,foggy,50,4,2.5
morning,clear,60,2,1.804
evening,clear,50,2,1.886
night,clear,30,2,1.835
afternoon,foggy,80,1,2.417
night,foggy,40,2,2.327
night,foggy,50,2,2.459
night,clear,60,3,2.338
afternoon,foggy,80,0,2.037
night,clear,30,2,1.871
night,rainy,80,4,2.5
night,clear,50,1,1.998
afternoon,rainy,30,4,2.115
night,clear,80,1,2.42
afternoon,rainy,40,1,2.058
afternoon,clear,40,2,1.514
evening,foggy,50,2,2.161
night,rainy,40,0,2.145
morning,clear,80,5,2.305
afternoon,rainy,60,4,2.333
night,rainy,50,2,2.342
evening,rainy,50,0,1.806
afternoon,foggy,30,1,1.766
afternoon,clear,50,3,1.734
afternoon,foggy,30,4,1.944
afternoon,foggy,40,2,2.029
night,foggy,80,1,2.5
night,clear,60,4,2.311
afternoon,clear,60,4,1.958
morning,clear,60,3,1.824
afternoon,rainy,80,2,2.36
evening,foggy,40,3,2.223
afternoon,clear,80,2,2.288
afternoon,clear,30,6,1.954
afternoon,foggy,40,3,2.092
afternoon,foggy,40,4,2.081
evening,rainy,40,1,1.982
evening,clear,30,1,1.439
afternoon,clear,80,1,2.115
morning,clear,30,0,1.144
morning,clear,30,2,1.445
evening,clear,80,1,2.057
morning,rainy,30,2,1.807
afternoon,foggy,60,2,2.209
night,clear,50,0,1.691
afternoon,clear,40,3,1.79
morning,clear,60,2,1.785
evening,rainy,50,4,2.303
afternoon,rainy,80,3,2.446
afternoon,foggy,40,1,1.858
evening,foggy,60,2,2.5
night,rainy,30,3,2.096
night,rainy,40,3,2.305
night,rainy,60,5,2.5
afternoon,rainy,80,1,2.232
night,foggy,80,3,2.5
evening,foggy,50,1,2.183
morning,clear,50,1,1.581
evening,rainy,40,5,2.296
afternoon,rainy,30,1,1.708
morning,foggy,60,1,2.114
morning,rainy,30,5,2.112
evening,clear,40,2,1.921
afternoon,clear,60,2,1.977
afternoon,clear,80,1,2.002
night,foggy,30,2,1.992
evening,rainy,40,0,1.788
evening,rainy,50,0,1.942
morning,clear,30,1,1.397
morning,rainy,50,2,1.937
evening,rainy,30,0,1.738
afternoon,foggy,80,3,2.5
night,foggy,50,2,2.356
night,clear,60,1,2.181
morning,clear,60,3,2.185
evening,rainy,30,0,1.605
afternoon,clear,80,1,1.98
evening,clear,50,3,2.127
afternoon,foggy,80,2,2.287
evening,rainy,60,1,2.023
night,clear,30,0,1.667
afternoon,foggy,40,2,2.061
night,clear,30,4,1.904
morning,clear,30,2,1.513
night,foggy,80,1,2.5
afternoon,clear,30,0,1.386
afternoon,foggy,80,2,2.458
morning,rainy,50,2,2.042
night,foggy,40,0,2.197
evening,rainy,80,1,2.299
afternoon,clear,50,5,1.869
afternoon,clear,30,0,1.219
night,clear,40,1,1.77
afternoon,clear,50,0,1.636
evening,rainy,30,2,1.921
evening,clear,60,1,2.017
evening,foggy,50,3,2.467
morning,foggy,80,3,2.423
evening,clear,60,3,2.107
evening,foggy,60,1,2.384
evening,rainy,80,1,2.401
night,foggy,80,1,2.5
afternoon,clear,40,2,1.553
afternoon,rainy,40,2,1.898
evening,rainy,80,1,2.349
morning,clear,40,0,1.605
afternoon,foggy,50,1,1.918
afternoon,clear,80,3,2.206
evening,clear,60,4,2.219
night,clear,80,2,2.461
morning,foggy,30,2,1.737
night,clear,40,3,2.155
morning,clear,40,6,1.985
afternoon,foggy,60,3,2.355
night,clear,60,4,2.379
evening,rainy,80,3,2.5
morning,clear,60,1,1.76
night,clear,50,3,2.193
evening,foggy,50,1,1.986
afternoon,rainy,50,3,2.168
afternoon,foggy,60,0,2.001
afternoon,foggy,30,4,2.126
night,clear,60,2,2.181
evening,clear,60,1,1.918
afternoon,rainy,60,3,2.227
afternoon,clear,60,1,1.725
evening,foggy,40,0,2.024
afternoon,clear,40,1,1.616
morning,rainy,50,2,1.997
morning,clear,30,2,1.352
afternoon,foggy,80,1,2.271
morning,foggy,80,4,2.5
evening,clear,80,4,2.404
evening,clear,30,3,1.733
evening,foggy,50,1,2.248
night,clear,60,1,2.126
morning,rainy,30,2,1.608
evening,foggy,80,2,2.5
evening,foggy,50,1,2.179
afternoon,clear,60,1,1.65
morning,clear,50,1,1.579
afternoon,rainy,40,3,2.129
morning,rainy,40,1,1.72
afternoon,rainy,80,2,2.303
night,rainy,30,0,1.738
afternoon,foggy,40,3,2.159
morning,clear,50,2,1.726
evening,rainy,80,0,2.417
morning,foggy,40,4,2.079
evening,rainy,50,4,2.294
afternoon,rainy,40,0,1.531
evening,foggy,40,3,2.296
night,foggy,50,0,2.321
afternoon,clear,40,0,1.314
morning,foggy,40,1,1.57
morning,clear,30,5,1.733
evening,foggy,30,0,1.753
evening,foggy,80,2,2.5
afternoon,rainy,50,1,1.943
night,clear,80,2,2.427
night,rainy,40,2,2.226
afternoon,rainy,80,2,2.407
morning,clear,60,0,1.597
evening,rainy,80,1,2.245
afternoon,clear,50,3,1.906
afternoon,foggy,40,1,1.908
morning,foggy,30,0,1.52
afternoon,clear,80,5,2.354
morning,clear,30,1,1.426
morning,rainy,30,1,1.547
night,clear,40,1,1.805
afternoon,foggy,60,1,2.028
evening,foggy,30,3,2.184
morning,foggy,80,2,2.487
evening,foggy,50,2,2.044
night,foggy,40,3,2.435
morning,foggy,60,1,2.098
afternoon,foggy,30,0,1.512
morning,clear,80,1,1.728
night,clear,40,2,2.088
evening,foggy,80,0,2.5
morning,clear,60,3,2.019
evening,clear,50,1,1.91
evening,rainy,50,3,2.089
night,foggy,80,3,2.5
morning,rainy,30,3,1.666
afternoon,clear,80,2,1.991
evening,foggy,50,2,2.319
morning,clear,80,4,2.193
night,clear,80,3,2.5
evening,rainy,30,1,1.75
afternoon,rainy,50,2,1.956
morning,foggy,60,2,2.143
morning,rainy,40,2,1.956
evening,foggy,50,4,2.302
afternoon,clear,40,3,1.758
night,rainy,60,2,2.356
evening,clear,60,3,2.204
evening,foggy,50,0,2.164
night,rainy,50,2,2.5
evening,clear,50,2,1.831
night,clear,40,3,2.109
evening,clear,50,1,1.874
afternoon,clear,30,2,1.675
evening,clear,60,1,1.871
morning,rainy,40,3,1.84
morning,clear,30,1,1.325
morning,foggy,60,3,2.174
night,foggy,30,2,2.204
night,clear,50,3,2.276
morning,clear,40,0,1.395
night,foggy,60,4,2.5
night,foggy,40,3,2.393
morning,foggy,40,2,1.77
morning,rainy,80,3,2.496
night,clear,30,1,1.689
afternoon,foggy,80,2,2.5
morning,rainy,30,1,1.603
evening,foggy,30,0,1.836
morning,foggy,50,0,1.672
night,clear,80,2,2.5
afternoon,clear,40,2,1.635
morning,clear,50,1,1.722
evening,foggy,60,2,2.422
morning,rainy,30,0,1.517
afternoon,rainy,60,3,2.186
evening,clear,40,0,1.529
afternoon,clear,60,2,1.733
morning,rainy,40,0,1.687
evening,rainy,80,0,2.182
afternoon,clear,80,0,1.875
morning,clear,30,1,1.212
morning,rainy,50,3,1.905
morning,foggy,40,6,2.358
night,clear,50,1,1.995
morning,rainy,30,0,1.549
night,rainy,60,2,2.265
night,clear,30,2,1.872
afternoon,foggy,60,3,2.252
afternoon,foggy,80,3,2.456
evening,clear,40,2,1.886
afternoon,clear,50,3,1.941
night,rainy,40,1,2.248
night,foggy,50,4,2.5
morning,clear,80,1,1.874
afternoon,foggy,60,4,2.329
morning,foggy,80,1,2.271
afternoon,rainy,40,4,2.002
afternoon,clear,60,1,1.802
evening,clear,80,1,2.169
morning,clear,40,2,1.566
morning,foggy,40,1,1.838
afternoon,rainy,80,1,2.348
night,rainy,60,1,2.288
evening,rainy,80,0,2.276
afternoon,rainy,50,1,1.902
evening,foggy,80,2,2.5
morning,rainy,60,2,2.131
morning,foggy,60,2,2.193
evening,foggy,40,1,1.93
afternoon,foggy,60,0,2.07
morning,rainy,60,0,1.865
afternoon,clear,50,3,1.618
night,foggy,50,2,2.5
morning,foggy,40,1,1.732
morning,rainy,60,3,2.134
evening,foggy,60,2,2.269
afternoon,foggy,50,1,1.951
night,clear,50,2,2.178
morning,rainy,40,5,2.124
morning,foggy,60,1,2.201
morning,clear,30,0,1.356
afternoon,foggy,80,4,2.5
afternoon,rainy,50,1,1.784
night,rainy,80,2,2.5
night,foggy,30,3,2.191
morning,clear,40,1,1.414
night,foggy,30,1,1.94
morning,clear,30,2,1.246
morning,clear,50,1,1.504
night,clear,60,2,2.193
night,foggy,50,5,2.5
afternoon,clear,30,2,1.649
morning,clear,40,2,1.467
evening,clear,60,2,1.966
night,rainy,50,4,2.5
evening,foggy,50,3,2.476
night,clear,60,4,2.344
afternoon,clear,30,5,1.609
night,rainy,80,2,2.5
evening,clear,40,4,1.916
night,foggy,60,0,2.316
afternoon,clear,40,3,1.557
evening,foggy,40,4,2.147
night,foggy,60,0,2.382
evening,clear,40,3,1.815
afternoon,clear,30,2,1.513
morning,rainy,30,4,1.811
evening,rainy,50,4,2.412
night,clear,50,2,2.084
evening,foggy,30,1,1.725
evening,rainy,30,3,2.008
morning,rainy,30,2,1.584
evening,foggy,60,4,2.5
evening,foggy,80,4,2.5
evening,foggy,80,2,2.5
morning,clear,40,1,1.576
afternoon,clear,40,0,1.5
morning,foggy,40,1,1.702
morning,clear,80,3,2.035
afternoon,foggy,30,2,1.926
evening,rainy,30,2,1.823
morning,rainy,80,2,2.187
afternoon,clear,30,3,1.621
afternoon,clear,60,5,2.166
afternoon,rainy,30,1,1.706
night,rainy,50,3,2.381
afternoon,clear,50,3,1.851
afternoon,rainy,50,3,2.229
evening,rainy,30,1,1.829
night,clear,80,1,2.299
night,rainy,80,4,2.5
afternoon,foggy,50,4,2.233
morning,foggy,80,0,2.358
evening,foggy,50,0,2.009
evening,foggy,80,4,2.5
night,rainy,60,1,2.442
afternoon,rainy,40,3,2.097
morning,foggy,60,1,2.012
afternoon,rainy,30,2,1.776
night,clear,40,0,1.892
afternoon,rainy,30,2,1.603
evening,foggy,60,3,2.334
night,rainy,40,3,2.477
night,foggy,30,3,2.346
evening,clear,60,2,2.058
evening,foggy,80,4,2.5
night,rainy,80,3,2.5
night,clear,60,1,2.092
morning,foggy,40,1,1.878
evening,clear,40,2,1.89
evening,foggy,30,1,2.157
night,foggy,60,4,2.5
morning,clear,50,1,1.594
afternoon,rainy,60,2,2.155
night,clear,60,1,2.235
afternoon,rainy,80,2,2.392
afternoon,clear,80,2,2.141
afternoon,foggy,80,1,2.386
morning,clear,80,1,1.945
evening,clear,30,0,1.461
afternoon,foggy,60,1,2.246
evening,clear,40,2,1.74
afternoon,rainy,30,3,1.923
evening,clear,60,3,2.116
afternoon,rainy,40,1,1.737
night,rainy,80,1,2.5
evening,foggy,80,2,2.5
afternoon,clear,50,2,1.826
afternoon,rainy,60,4,2.419
afternoon,clear,50,1,1.492
afternoon,clear,50,2,1.642
afternoon,clear,60,1,1.874
evening,clear,40,2,1.829
night,clear,30,0,1.583
afternoon,foggy,60,3,2.212
afternoon,foggy,80,4,2.5
evening,rainy,40,4,2.351
night,foggy,30,2,2.264
afternoon,clear,60,2,1.775
night,foggy,60,3,2.5
morning,foggy,80,2,2.469
afternoon,clear,60,1,1.802
morning,clear,80,2,2.146
morning,rainy,80,0,2.042
evening,clear,30,1,1.483
evening,foggy,80,3,2.5
evening,rainy,50,4,2.5
afternoon,clear,80,2,2.029
afternoon,rainy,30,4,2.024
afternoon,clear,40,2,1.626
night,rainy,80,2,2.5
evening,rainy,30,2,1.986
evening,clear,80,2,2.175
evening,clear,40,1,1.604
evening,foggy,50,2,2.369
afternoon,clear,40,4,1.745
afternoon,clear,60,0,1.599
afternoon,clear,80,2,2.178
night,clear,60,2,2.233
night,clear,30,1,1.698
morning,clear,30,3,1.488
morning,rainy,40,1,1.795
evening,rainy,80,0,2.257
afternoon,rainy,50,2,1.999
evening,rainy,80,1,2.5
morning,rainy,30,0,1.602
night,foggy,80,2,2.5
evening,rainy,30,4,2.254
afternoon,foggy,80,1,2.391
night,clear,60,2,2.182
evening,rainy,30,2,1.942
afternoon,foggy,80,3,2.5
afternoon,clear,60,0,1.655
afternoon,foggy,40,0,1.926
morning,rainy,30,1,1.632
night,rainy,40,3,2.34
afternoon,foggy,50,0,1.816
night,clear,50,3,2.276
night,foggy,30,1,2.133
evening,foggy,60,2,2.484
afternoon,clear,50,1,1.627
night,rainy,80,3,2.5
evening,rainy,80,3,2.5
morning,foggy,80,2,2.256
afternoon,clear,30,3,1.468
evening,foggy,60,0,2.162
evening,foggy,40,3,2.196
morning,foggy,50,3,2.189
night,clear,30,6,2.21
afternoon,clear,30,2,1.425
evening,clear,80,3,2.394
afternoon,rainy,30,3,1.771
afternoon,foggy,80,0,2.336
afternoon,clear,60,4,2.1
afternoon,clear,60,6,2.377
morning,foggy,50,2,1.957
morning,rainy,60,0,1.881
morning,clear,30,2,1.394
morning,foggy,60,1,2.369
night,clear,30,3,1.978
morning,rainy,40,5,2.031
morning,rainy,50,3,1.895
afternoon,foggy,30,1,1.761
morning,clear,60,3,1.878
evening,rainy,40,2,2.169
evening,clear,50,2,2.102
evening,foggy,60,3,2.449
morning,foggy,50,4,2.434
morning,foggy,60,2,2.064
afternoon,rainy,40,1,1.823
night,foggy,80,2,2.5
night,foggy,40,2,2.436
morning,clear,30,0,1.006
evening,foggy,30,4,2.268
afternoon,foggy,30,1,1.88
evening,clear,60,2,1.921
afternoon,rainy,50,1,1.957
afternoon,rainy,80,3,2.5
morning,clear,40,2,1.679
evening,foggy,80,1,2.387
night,foggy,80,1,2.5
evening,clear,60,3,1.995
evening,clear,40,1,1.654
morning,clear,30,0,1.272
morning,rainy,40,0,1.656
afternoon,foggy,80,1,2.259
morning,foggy,80,4,2.5
afternoon,clear,30,2,1.52
morning,rainy,30,4,2.07
night,rainy,40,1,2.19
evening,rainy,60,1,1.904
morning,rainy,30,6,2.09
night,rainy,80,0,2.46
night,foggy,60,3,2.5
afternoon,rainy,30,2,1.775
afternoon,foggy,60,3,2.22
afternoon,clear,40,3,1.844
morning,rainy,80,0,2.323
evening,rainy,50,2,2.189
morning,clear,30,1,1.304
afternoon,rainy,30,1,1.578
afternoon,foggy,50,3,2.271
morning,clear,30,1,1.487
night,rainy,50,2,2.353
morning,foggy,30,1,1.769
afternoon,clear,40,1,1.305
night,foggy,60,4,2.5
night,rainy,80,1,2.5
afternoon,clear,80,2,2.194
afternoon,rainy,80,6,2.5
afternoon,foggy,80,2,2.418
night,clear,80,4,2.491
evening,clear,30,2,1.557
evening,clear,30,5,1.928
morning,foggy,50,0,1.643
afternoon,foggy,80,1,2.291
evening,rainy,60,3,2.377
night,foggy,30,4,2.495
evening,foggy,80,1,2.491
morning,rainy,40,3,1.923
afternoon,foggy,40,4,2.402
night,foggy,80,2,2.5
night,rainy,30,2,2.121
morning,clear,50,2,1.787
night,clear,30,0,1.656
night,foggy,60,1,2.411
afternoon,foggy,30,0,1.52
afternoon,rainy,80,1,2.184
afternoon,clear,80,3,2.24
night,rainy,50,3,2.465
evening,clear,40,3,1.927
night,clear,40,3,2.231
night,clear,40,1,2.002
evening,rainy,30,4,2.077
night,foggy,80,3,2.5
morning,clear,80,3,2.004
afternoon,foggy,80,4,2.5
evening,rainy,80,0,2.368
morning,foggy,50,4,2.142
morning,foggy,80,2,2.457
morning,foggy,60,1,2.014
evening,clear,50,0,1.751
morning,clear,80,3,2.196
afternoon,foggy,40,3,2.083
night,clear,60,0,1.972
night,rainy,80,1,2.468
morning,rainy,30,2,1.636
night,foggy,80,3,2.5
night,clear,40,3,1.89
morning,clear,50,1,1.432
night,rainy,80,2,2.5
night,foggy,30,0,1.872
night,foggy,30,3,2.153
morning,rainy,40,3,1.886
afternoon,foggy,50,4,2.311
evening,foggy,80,3,2.5
morning,foggy,50,2,1.994
evening,foggy,50,1,2.268
morning,clear,30,1,1.328
morning,foggy,60,1,1.966
evening,foggy,30,4,2.254
morning,foggy,30,0,1.664
evening,clear,80,2,2.446
morning,clear,30,1,1.434
afternoon,rainy,40,3,1.91
evening,rainy,40,4,2.234
night,foggy,60,1,2.5
morning,foggy,50,1,1.955
afternoon,foggy,80,2,2.5
morning,clear,50,2,1.627
afternoon,clear,80,4,2.207
morning,rainy,40,2,1.707
afternoon,clear,40,1,1.533
night,clear,40,1,1.948
morning,rainy,60,3,2.255
afternoon,rainy,60,4,2.248
night,foggy,40,2,2.266
afternoon,foggy,40,4,2.282
afternoon,rainy,50,3,2.047
afternoon,clear,50,3,2.021
morning,foggy,60,3,2.122
evening,foggy,60,2,2.474
morning,clear,40,2,1.397
afternoon,clear,40,0,1.61
evening,foggy,30,2,1.975
evening,foggy,30,4,1.97
evening,foggy,40,1,1.89
morning,rainy,40,2,1.759
morning,rainy,30,3,1.792
night,rainy,40,2,2.271
evening,rainy,30,2,1.992
afternoon,clear,40,3,1.667
evening,rainy,80,2,2.5
afternoon,clear,80,1,2.081
evening,clear,30,3,1.705
afternoon,clear,80,0,1.89
evening,foggy,50,1,2.27
night,foggy,50,1,2.354
night,rainy,50,3,2.464
afternoon,foggy,50,0,1.902
morning,foggy,30,3,1.762
night,clear,50,0,1.98
night,clear,30,0,1.583
night,clear,30,4,1.934
morning,rainy,40,1,1.602
night,foggy,50,3,2.5
afternoon,clear,30,0,1.215
night,foggy,80,3,2.5
evening,rainy,60,3,2.283
afternoon,foggy,30,1,1.628
afternoon,foggy,60,1,2.15
afternoon,clear,50,1,1.772
afternoon,rainy,50,2,1.816
morning,foggy,80,1,2.208
evening,foggy,60,2,2.322
morning,rainy,50,1,1.758
night,foggy,40,3,2.344
evening,clear,40,2,1.739
night,foggy,30,1,2.063
afternoon,foggy,50,0,1.971
morning,rainy,40,0,1.67
afternoon,clear,80,4,2.301
morning,clear,40,2,1.518
evening,foggy,50,6,2.5
morning,foggy,40,2,1.822
afternoon,clear,80,1,2.065
night,clear,60,1,2.082
morning,clear,40,4,1.644
morning,rainy,50,1,1.902
afternoon,clear,50,4,1.978
morning,clear,80,0,1.887
morning,rainy,80,4,2.459
afternoon,foggy,30,3,1.765
evening,foggy,50,1,2.112
morning,clear,50,0,1.513
afternoon,clear,30,5,1.924
night,foggy,60,4,2.5
afternoon,rainy,80,1,2.321
morning,rainy,60,3,2.051
night,foggy,60,1,2.446
morning,foggy,80,3,2.429
evening,clear,80,1,2.236
evening,rainy,50,0,1.938
night,rainy,80,1,2.426
evening,foggy,50,1,2.016
afternoon,clear,30,2,1.468
evening,foggy,80,1,2.373
morning,clear,80,4,2.404
evening,foggy,50,2,2.334
afternoon,clear,40,2,1.738
morning,clear,60,2,1.653
night,clear,30,2,1.858
night,rainy,60,1,2.5
night,rainy,80,2,2.5
night,rainy,80,4,2.5
morning,rainy,50,3,1.93
morning,clear,40,3,1.705
evening,clear,50,3,1.999
morning,rainy,60,4,2.288
night,rainy,60,2,2.5
night,foggy,80,0,2.496
afternoon,rainy,60,2,2.288
evening,clear,30,2,1.646
evening,clear,40,2,1.874
night,clear,60,1,2.229
morning,rainy,40,3,1.792
evening,foggy,40,4,2.402
evening,clear,50,1,1.77
morning,rainy,30,4,1.678
evening,foggy,30,1,1.783
morning,foggy,80,3,2.5
morning,clear,60,1,1.728
evening,rainy,60,3,2.243
afternoon,rainy,80,0,1.902
night,clear,50,4,2.262
morning,clear,30,2,1.573
evening,clear,60,4,2.195
night,foggy,40,2,2.223
afternoon,foggy,50,3,2.238
afternoon,rainy,50,1,1.787
night,foggy,40,0,2.12
evening,clear,60,5,2.181
afternoon,foggy,60,2,2.166
morning,rainy,50,1,1.842
afternoon,foggy,60,3,2.435
morning,rainy,60,3,2.216
night,clear,40,5,2.386
night,clear,60,3,2.415
afternoon,foggy,80,1,2.393
morning,foggy,60,1,2.061
morning,clear,60,1,1.787
night,clear,60,5,2.422
morning,rainy,60,3,2.156
evening,rainy,80,2,2.353
evening,rainy,80,1,2.284
morning,foggy,50,3,2.104
afternoon,clear,30,2,1.443
morning,clear,80,2,2.149
evening,foggy,80,0,2.426
night,rainy,40,2,2.211
afternoon,foggy,40,0,1.929
night,rainy,60,1,2.346
night,rainy,80,1,2.5
evening,foggy,60,3,2.5
night,foggy,80,3,2.5
night,clear,80,1,2.244
night,foggy,60,1,2.5
night,foggy,80,2,2.5
night,clear,40,1,1.875
afternoon,clear,80,0,1.764
morning,rainy,80,0,2.081
afternoon,foggy,80,0,2.445
night,rainy,30,1,2.046
night,rainy,50,3,2.495
evening,rainy,50,2,2.152
evening,foggy,40,2,2.202
morning,rainy,30,0,1.6
afternoon,rainy,60,2,2.052
afternoon,rainy,50,2,1.948
afternoon,clear,80,5,2.316
evening,rainy,80,6,2.5
morning,clear,60,2,1.725
evening,foggy,80,3,2.5
afternoon,foggy,60,2,2.24
afternoon,rainy,60,0,1.886
afternoon,foggy,60,3,2.396
evening,foggy,80,2,2.5
night,rainy,80,1,2.5
afternoon,clear,40,2,1.76
morning,clear,30,4,1.775
morning,clear,30,1,1.402
night,rainy,80,3,2.5
night,rainy,50,3,2.453
evening,clear,80,1,2.347
evening,foggy,60,4,2.5
afternoon,clear,30,1,1.445
morning,foggy,30,1,1.678
evening,rainy,30,2,1.887
evening,foggy,60,2,2.47
afternoon,rainy,80,0,1.949
night,rainy,40,3,2.236
night,rainy,80,2,2.5
evening,rainy,40,4,2.272
evening,rainy,50,4,2.323
evening,rainy,40,2,1.977
morning,clear,50,3,1.856
evening,foggy,30,1,1.697
morning,foggy,40,4,2.084
night,rainy,80,4,2.5
night,foggy,50,0,2.051
evening,rainy,40,4,2.313
evening,foggy,30,3,2.163
evening,foggy,40,4,2.383
afternoon,foggy,60,1,2.272
night,foggy,60,2,2.5
evening,rainy,60,2,2.248
morning,rainy,50,2,1.987
afternoon,rainy,40,3,2.025
evening,clear,30,4,1.89
morning,rainy,30,2,1.688
night,foggy,80,0,2.5
night,foggy,80,2,2.5
night,foggy,30,1,2.154
morning,rainy,50,1,1.74
morning,clear,60,0,1.682
evening,foggy,60,3,2.5
afternoon,foggy,50,1,2.13
night,foggy,50,0,2.266
night,rainy,50,2,2.358
morning,clear,60,4,1.927
morning,clear,40,0,1.293
evening,rainy,50,1,2.112
night,foggy,80,1,2.5
night,clear,40,1,1.993
morning,clear,30,4,1.71
afternoon,foggy,50,1,2.062
evening,clear,50,3,1.885
night,rainy,40,2,2.123
evening,rainy,80,5,2.5
afternoon,clear,40,4,1.825
afternoon,clear,80,5,2.373
evening,clear,50,1,1.744
afternoon,rainy,40,1,1.641
afternoon,foggy,30,2,1.768
night,foggy,30,2,2.198
morning,rainy,50,2,2.182
evening,rainy,30,2,1.956
morning,rainy,40,4,1.898
evening,rainy,50,3,2.374
night,foggy,30,2,1.995
evening,rainy,40,3,2.058
evening,rainy,40,4,2.132
evening,clear,60,0,1.892
afternoon,foggy,40,0,1.664
evening,clear,50,2,1.995
night,foggy,80,4,2.5
evening,rainy,30,2,1.66
evening,foggy,50,2,2.301
afternoon,rainy,30,1,1.527
morning,clear,30,0,1.253
morning,clear,80,2,2.131
evening,rainy,30,1,1.803
night,foggy,80,4,2.5
morning,clear,80,1,2.052
afternoon,rainy,40,1,1.896
afternoon,clear,60,3,2.164
night,clear,60,4,2.347
night,rainy,60,2,2.5
morning,clear,80,2,2.027
afternoon,foggy,80,3,2.5
evening,foggy,60,4,2.5
night,foggy,80,2,2.5
morning,foggy,40,0,1.948
evening,rainy,60,2,2.19
afternoon,rainy,30,1,1.824
evening,rainy,30,1,2.04
afternoon,clear,40,2,1.681
evening,rainy,80,3,2.5
morning,clear,40,0,1.351
evening,foggy,30,3,2.159
evening,clear,50,1,1.738
night,foggy,80,1,2.5
afternoon,foggy,30,5,2.343
morning,rainy,60,0,1.865
evening,clear,50,3,1.954
evening,foggy,40,2,2.239
afternoon,rainy,30,1,1.639
evening,clear,50,0,1.745
afternoon,rainy,60,1,2.128
afternoon,rainy,40,1,1.712
afternoon,rainy,40,0,1.674
night,clear,40,3,2.159
night,rainy,40,3,2.216
afternoon,clear,60,1,1.862
night,clear,80,3,2.437
morning,foggy,40,2,2.023
evening,rainy,50,2,2.108
morning,foggy,50,2,1.945
evening,clear,60,1,2.182
afternoon,clear,60,3,2.044
night,foggy,50,0,2.347
morning,foggy,30,4,1.915
afternoon,rainy,80,1,2.5
night,rainy,80,0,2.5
morning,rainy,60,0,1.856
night,rainy,50,0,2.195
night,clear,50,3,2.038
night,foggy,50,1,2.369
evening,clear,60,3,2.11
afternoon,clear,40,2,1.616
afternoon,clear,40,1,1.443
evening,rainy,80,3,2.5
afternoon,clear,40,1,1.561
night,rainy,80,3,2.5
evening,foggy,60,3,2.5
evening,clear,30,2,1.532
evening,rainy,60,3,2.38
morning,clear,50,2,1.63
afternoon,foggy,50,1,1.908
night,rainy,30,1,2.09
evening,foggy,40,3,2.091
afternoon,clear,30,2,1.338
evening,clear,30,0,1.497
night,clear,30,4,2.197
night,clear,30,1,1.814
afternoon,foggy,40,1,2.058
morning,rainy,40,3,1.824
night,rainy,60,7,2.5
morning,clear,40,2,1.652
night,foggy,40,5,2.5
evening,foggy,30,3,2.207
afternoon,clear,40,2,1.642
morning,clear,30,5,1.68
morning,foggy,40,1,1.884
night,rainy,50,3,2.498
night,foggy,80,2,2.5
evening,clear,60,0,1.87
night,clear,40,1,1.955
morning,clear,80,0,1.748
morning,rainy,30,4,1.863
night,foggy,30,0,1.982
afternoon,rainy,60,1,2.173
afternoon,clear,80,0,2.124
evening,foggy,60,3,2.496
morning,clear,40,0,1.305
afternoon,clear,80,0,1.867
night,clear,30,1,1.735
night,rainy,40,2,2.135
afternoon,foggy,40,1,1.997
morning,foggy,80,5,2.5
night,clear,80,1,2.245
afternoon,foggy,50,1,1.864
morning,foggy,60,2,2.066
night,foggy,60,3,2.5
evening,rainy,30,5,2.146
morning,foggy,60,2,2.334
evening,foggy,30,2,2.078
morning,rainy,50,0,1.841
evening,foggy,80,0,2.325
night,foggy,60,0,2.304
afternoon,foggy,30,2,1.854
evening,rainy,80,3,2.424
night,rainy,80,0,2.5
night,foggy,50,0,2.092
morning,foggy,60,5,2.421
afternoon,rainy,40,3,1.882
afternoon,foggy,80,6,2.5
afternoon,foggy,60,2,2.308
afternoon,rainy,30,3,1.853
night,foggy,30,2,2.186
night,clear,50,3,2.125
night,foggy,40,2,2.269
night,rainy,60,3,2.386
evening,foggy,30,0,1.845
evening,clear,40,3,1.783
afternoon,clear,60,0,1.855
night,clear,60,1,1.999
night,foggy,80,4,2.5
morning,clear,40,1,1.127
night,clear,60,2,2.026
evening,clear,40,3,1.689
night,rainy,30,1,1.905
morning,clear,50,0,1.449
night,rainy,40,2,2.37
evening,rainy,60,1,2.156
morning,rainy,80,1,2.176
night,clear,50,3,2.261
night,foggy,40,5,2.5
night,foggy,30,1,2.186
evening,clear,80,2,2.265
evening,rainy,50,3,2.443
afternoon,clear,30,1,1.368
morning,foggy,50,2,1.944
morning,foggy,60,2,1.978
evening,rainy,30,2,1.795
morning,rainy,40,1,1.805
night,rainy,50,1,2.254
morning,clear,50,1,1.397
evening,clear,30,0,1.562
evening,rainy,50,1,1.99
evening,rainy,50,3,2.064
morning,rainy,60,3,2.033
night,rainy,50,3,2.492
morning,rainy,50,1,1.899
afternoon,rainy,40,1,1.667
afternoon,clear,30,1,1.582
night,foggy,40,1,2.183
morning,clear,30,2,1.588
morning,clear,60,3,1.822
evening,clear,40,3,1.921
afternoon,rainy,30,1,1.636
night,rainy,40,0,2.108
evening,rainy,60,1,2.142
morning,foggy,80,2,2.5
night,foggy,50,2,2.5
afternoon,rainy,60,0,1.866
evening,clear,30,1,1.725
afternoon,clear,60,4,2.181
morning,foggy,80,0,2.173
morning,foggy,80,5,2.5
morning,clear,60,3,1.937
evening,rainy,30,3,2.128
night,clear,40,1,1.924
evening,rainy,50,3,2.454
night,foggy,50,2,2.5
evening,foggy,40,2,2.205
afternoon,foggy,40,1,1.936
afternoon,clear,30,0,1.157
night,foggy,50,4,2.5
morning,foggy,80,1,2.296
night,foggy,50,2,2.451
afternoon,rainy,30,0,1.693
evening,rainy,50,4,2.256
evening,foggy,80,0,2.484
evening,rainy,40,2,2.178
evening,foggy,40,2,2.195
evening,rainy,30,1,1.728
morning,clear,30,2,1.455
evening,foggy,30,2,1.991
night,clear,60,3,2.5
evening,rainy,60,3,2.373
night,clear,30,0,1.591
afternoon,clear,80,2,2.048
afternoon,foggy,80,2,2.359
evening,rainy,60,1,2.1
evening,foggy,40,0,1.941
evening,rainy,60,0,2.074
night,clear,80,4,2.5
night,clear,50,2,2.056
evening,clear,40,2,1.891
morning,clear,50,1,1.648
evening,rainy,30,1,1.928
afternoon,rainy,60,1,1.869
morning,rainy,30,2,1.731
morning,foggy,80,3,2.457
night,rainy,30,1,2.127
afternoon,foggy,40,2,2.238
evening,foggy,80,3,2.5
afternoon,foggy,30,1,1.701
morning,rainy,60,2,1.795
morning,rainy,50,5,2.229
afternoon,rainy,80,2,2.421
morning,rainy,40,3,1.906
evening,clear,50,1,1.719
evening,foggy,60,2,2.34
evening,clear,30,1,1.368
afternoon,clear,80,3,2.216
night,foggy,60,0,2.379
night,rainy,60,1,2.5
afternoon,foggy,30,0,1.775
afternoon,foggy,50,1,1.965
afternoon,rainy,30,1,1.689
night,rainy,40,1,2.154
afternoon,clear,60,4,2.128
afternoon,foggy,50,4,2.042
evening,clear,40,1,1.651
night,foggy,60,2,2.5
afternoon,rainy,60,1,1.914
afternoon,rainy,80,2,2.265
morning,clear,80,2,1.962
morning,rainy,80,1,2.305
morning,rainy,40,4,1.936
afternoon,clear,60,4,2.16
afternoon,clear,40,2,1.741
morning,rainy,40,3,1.868
evening,rainy,50,3,2.259
afternoon,clear,50,1,1.736
afternoon,rainy,60,0,2.006
night,rainy,30,2,1.945
morning,foggy,50,3,2.154
evening,rainy,80,1,2.5
morning,foggy,80,0,2.158
night,foggy,40,5,2.443
morning,clear,60,4,1.968
morning,rainy,60,2,2.159
afternoon,rainy,40,2,1.912
afternoon,clear,80,2,2.275
afternoon,foggy,60,2,2.009
morning,rainy,40,1,1.676
night,clear,30,0,1.755
night,rainy,50,5,2.5
evening,clear,80,1,2.1
morning,rainy,60,3,2.159
afternoon,rainy,40,2,1.772
morning,clear,40,5,1.935
night,clear,40,2,1.902
night,clear,40,1,1.942
evening,foggy,60,2,2.334
morning,foggy,50,4,2.265
night,rainy,50,2,2.143
afternoon,rainy,60,1,2.13
night,rainy,50,3,2.5
morning,clear,60,1,1.825
evening,clear,60,5,2.437
evening,foggy,30,1,1.867
evening,rainy,50,3,2.226
afternoon,clear,40,3,1.731
morning,foggy,40,0,1.712
night,clear,60,1,2.098
morning,rainy,50,1,1.962
evening,clear,40,4,2.144
evening,clear,30,2,1.716
morning,rainy,30,0,1.537
afternoon,foggy,40,3,1.982
night,clear,30,2,1.731
morning,clear,40,2,1.634
evening,rainy,40,2,2.184
morning,foggy,60,1,2.092
night,clear,80,4,2.5
morning,clear,50,3,1.804
evening,foggy,60,3,2.41
evening,foggy,50,0,2.069
afternoon,clear,50,1,1.826
morning,clear,80,2,1.873
evening,clear,60,0,1.84
morning,clear,60,3,1.992
evening,rainy,60,1,2.04
evening,rainy,60,2,2.402
night,clear,40,1,1.932
night,foggy,60,1,2.5
night,foggy,80,2,2.5
evening,rainy,60,0,2.141
afternoon,rainy,30,1,1.669
afternoon,rainy,40,2,1.879
night,clear,30,0,1.698
morning,foggy,40,2,1.947
afternoon,rainy,30,3,1.732
evening,clear,50,2,1.936
night,clear,80,5,2.5
morning,rainy,40,2,1.791
morning,clear,80,2,1.96
evening,rainy,60,2,2.243
evening,rainy,80,2,2.5
morning,foggy,50,3,2.187
evening,rainy,50,2,2.026
afternoon,foggy,80,1,2.42
afternoon,rainy,30,3,1.866
morning,foggy,30,1,1.789
night,clear,50,4,2.222
afternoon,foggy,50,1,1.944
evening,foggy,40,1,1.998
evening,rainy,40,3,2.148
night,clear,50,2,2.039
afternoon,clear,40,1,1.609
afternoon,rainy,50,0,1.834
morning,foggy,80,5,2.5
morning,foggy,30,2,1.892
evening,foggy,30,1,2.04
evening,clear,80,3,2.38
evening,foggy,40,4,2.206
evening,foggy,60,1,2.23
morning,foggy,50,1,2.041
evening,foggy,50,4,2.374
evening,foggy,30,2,2.133
night,rainy,40,4,2.266
night,rainy,40,1,2.101
afternoon,foggy,40,2,1.957
night,rainy,80,2,2.5
evening,rainy,50,1,2.16
evening,foggy,80,4,2.5
afternoon,rainy,30,1,1.727
evening,rainy,60,2,2.435
afternoon,foggy,60,1,2.269
evening,clear,80,2,2.419
morning,rainy,30,5,2.04
afternoon,foggy,50,3,2.007
night,foggy,80,2,2.5
afternoon,rainy,60,3,2.295
morning,clear,60,1,1.75
night,rainy,50,0,2.061
evening,clear,30,2,1.799
afternoon,clear,60,0,1.732
night,foggy,80,1,2.5
afternoon,rainy,80,5,2.5
morning,rainy,80,1,2.387
morning,foggy,60,2,2.121
night,rainy,30,3,2.181
morning,rainy,60,4,2.32
evening,clear,40,2,1.818
night,clear,30,1,1.595
night,clear,40,1,2.002
evening,foggy,40,1,1.886
afternoon,foggy,60,2,2.217
morning,foggy,30,5,2.166
night,foggy,80,1,2.5
night,foggy,80,2,2.5
evening,clear,40,3,1.88
afternoon,rainy,50,0,1.852
afternoon,rainy,80,3,2.5
morning,clear,80,2,2.157
night,foggy,40,1,2.248
evening,clear,50,0,1.674
evening,clear,60,2,2.0
afternoon,rainy,80,2,2.311
evening,rainy,40,3,2.166
afternoon,clear,40,2,1.751
night,rainy,40,0,2.064
afternoon,clear,80,3,2.121
night,rainy,50,1,2.293
morning,rainy,50,1,1.607
morning,foggy,40,2,1.903
morning,foggy,60,5,2.334
evening,clear,50,0,1.545
afternoon,foggy,50,2,1.911
afternoon,rainy,40,2,1.852
night,clear,30,2,1.865
night,clear,60,2,2.057
evening,rainy,40,1,2.167
afternoon,clear,60,1,1.682
evening,clear,60,2,1.947
morning,clear,40,2,1.847
afternoon,clear,80,2,2.075
afternoon,foggy,40,3,2.008
night,clear,30,2,1.934
evening,clear,30,2,1.804
morning,foggy,30,5,2.057
afternoon,foggy,80,4,2.5
afternoon,rainy,40,2,1.877
morning,clear,40,1,1.575
morning,clear,60,3,2.011
morning,rainy,50,1,1.807
afternoon,rainy,40,3,2.015
afternoon,clear,60,2,1.959
afternoon,foggy,60,1,2.216
afternoon,clear,30,2,1.523
night,foggy,80,1,2.5
night,foggy,40,6,2.5
night,rainy,30,3,2.269
night,foggy,50,7,2.5
evening,rainy,30,1,1.6
afternoon,clear,30,1,1.542
night,foggy,30,4,2.5
evening,clear,40,2,1.711
morning,clear,40,2,1.603
night,clear,30,1,1.678
night,foggy,40,1,2.257
afternoon,foggy,50,3,2.061
night,rainy,40,0,2.065
evening,foggy,80,4,2.5
morning,rainy,40,2,1.781
evening,clear,50,2,1.887
afternoon,foggy,30,2,1.759
morning,foggy,80,1,2.347
evening,rainy,50,3,2.152
morning,foggy,40,0,1.713
morning,foggy,80,2,2.393
morning,clear,40,3,1.646
afternoon,rainy,30,2,1.868
morning,foggy,60,2,2.131
evening,clear,50,2,1.885
night,foggy,40,3,2.498
evening,clear,30,5,1.877
evening,rainy,40,2,2.061
afternoon,rainy,40,3,1.946
afternoon,rainy,50,3,2.083
night,foggy,40,1,2.205
evening,foggy,50,0,2.188
morning,foggy,30,1,1.771
night,rainy,50,5,2.5
afternoon,rainy,80,1,2.148
evening,foggy,30,3,2.06
evening,rainy,50,1,1.842
evening,rainy,40,2,2.154
afternoon,rainy,40,1,1.984
morning,clear,80,2,1.994
evening,foggy,40,2,2.08
morning,rainy,80,0,2.28
afternoon,rainy,30,7,2.084
afternoon,foggy,40,3,2.106
night,rainy,50,1,2.247
evening,clear,40,2,1.816
morning,clear,40,2,1.692
morning,foggy,80,2,2.488
night,clear,50,1,2.1
afternoon,foggy,40,4,2.216
night,rainy,80,1,2.5
afternoon,rainy,30,2,1.715
night,foggy,60,3,2.5
evening,foggy,30,3,1.957
morning,rainy,30,8,2.15
morning,clear,30,0,1.268
night,foggy,60,2,2.5
evening,foggy,30,1,1.704
evening,clear,40,0,1.628
night,foggy,30,2,2.03
night,clear,30,1,1.787
morning,clear,50,5,1.974
night,foggy,30,2,2.178
afternoon,clear,60,4,2.079
night,clear,30,1,1.723
morning,rainy,40,0,1.639
evening,rainy,30,4,2.139
evening,rainy,60,3,2.172
morning,rainy,40,2,1.668
afternoon,foggy,50,2,1.979
afternoon,foggy,60,2,2.109
night,clear,80,0,2.262
afternoon,rainy,80,1,2.26
evening,clear,40,0,1.563
evening,clear,40,0,1.615
evening,rainy,50,0,1.95
afternoon,rainy,60,1,2.012
morning,foggy,40,1,1.692
evening,clear,30,1,1.666
morning,foggy,60,0,1.946
morning,rainy,40,1,1.741
evening,rainy,40,1,1.852
night,foggy,30,1,2.215
night,clear,30,6,2.291
morning,foggy,40,3,2.097
morning,clear,30,2,1.49
morning,rainy,60,0,1.877
night,clear,60,1,1.955
morning,clear,50,2,1.71
evening,foggy,50,2,2.258
night,rainy,60,1,2.258
evening,rainy,30,3,1.988
evening,rainy,30,2,1.782
afternoon,foggy,40,0,1.742
night,foggy,60,1,2.456
afternoon,clear,40,0,1.299
evening,clear,40,2,1.774
night,rainy,60,2,2.403
night,rainy,30,2,2.191
